Title,Price,Bedrooms,Area,Link
"2 Bd on Short St., Hardwood Floors, Microwave, New/Renovated Bath",2800,2,1120ft2,https://boston.craigslist.org/gbs/fee/d/2-bd-on-short-st-hardwood/6464782939.html
Prime Chinatown Location- NO BROKER FEE!,2600,2,,https://boston.craigslist.org/gbs/nfb/d/prime-chinatown-location-no/6444755371.html
GORGEOUS Studio on Beacon St. BACK BAY Near BU MIT NECO,1800,,,https://boston.craigslist.org/gbs/fee/d/gorgeous-studio-on-beacon-st/6453431453.html
1/2 FEE PAID IN THIS UNIQUE INDUSTRIAL LOFT STYLE COMPLEX!!!,2252,1,928ft2,https://boston.craigslist.org/gbs/fee/d/1-2-fee-paid-in-this-unique/6445885544.html
"LEED Certified Luxury 1 Bed w/ Concierge: Pet Friendly, Fitness Ctr",2850,1,,https://boston.craigslist.org/gbs/fee/d/leed-certified-luxury-1-bed/6464827363.html
Breathtaking 1 Bedroom in North End,2700,1,720ft2,https://boston.craigslist.org/gbs/fee/d/breathtaking-1-bedroom-in/6438763617.html
SOUTH END SUPER LUX LOFT STYLE DOWNTOWN CONSTRUCTION 1 BED W/ DEN!!!,3108,1,714ft2,https://boston.craigslist.org/gbs/nfb/d/south-end-super-lux-loft/6445878062.html
"BACK BAY ONE BED STEPS FROM THE PRU, COPLEY SQUARE AND RESTAURANT ROW!",3850,1,901ft2,https://boston.craigslist.org/gbs/nfb/d/back-bay-one-bed-steps-from/6448636434.html
ENJOY UNBEATABLE AMENITIES AT YOUR NEW LUX APT COMPLEX. HALF FEE!!!,2765,2,1129ft2,https://boston.craigslist.org/gbs/fee/d/enjoy-unbeatable-amenities-at/6448635153.html
Stunning North End 1 Bedroom with No Fee,2225,1,600ft2,https://boston.craigslist.org/gbs/fee/d/stunning-north-end-1-bedroom/6435787155.html
"Open 4 Bed 2 Bath on Mission Hill by Northeastern, Wentworth and MCPHS",4300,4,,https://boston.craigslist.org/gbs/fee/d/open-4-bed-2-bath-on-mission/6464817322.html
"HEART OF BOSTON NO FEE 2 BED WITH PRIVATE OUTDOOR PATIO, IN UNIT W/D!!",4060,2,832ft2,https://boston.craigslist.org/gbs/nfb/d/heart-of-boston-no-fee-2-bed/6448633270.html
UP TO HALF MONTH FREE AT EXPANSIVE CAMBRIDGE LUXURY ONE BED!!!!,2155,1,857ft2,https://boston.craigslist.org/gbs/fee/d/up-to-half-month-free-at/6450882595.html
HALF FEE!! ENORMOUS TWO BED SUITE MINUTES FROM THE HEART OF THE CITY!!,2485,2,1140ft2,https://boston.craigslist.org/gbs/fee/d/half-fee-enormous-two-bed/6454356363.html
Prime North End Location,2400,1,,https://boston.craigslist.org/gbs/fee/d/prime-north-end-location/6435778110.html
FULLY FURNISHED..FLEX LEASE!! MIN TO DOWNTOWN ..NEXT TO T!! FEB 1ST,2800,2,1100ft2,https://boston.craigslist.org/gbs/abo/d/fully-furnishedflex-lease-min/6464738468.html
EXPANSIVE LOFT STYLE 1 BED UNIT JUST MINUTES FROM NORTH END & MORE!!!,2298,1,928ft2,https://boston.craigslist.org/gbs/fee/d/expansive-loft-style-1-bed/6454354965.html
Prime Back Bay Location- NO BROKER FEE!,7275,2,1451ft2,https://boston.craigslist.org/gbs/fee/d/prime-back-bay-location-no/6451384516.html
GOLIATH TWO LEVEL TWO BED UNIT IN CONDO CONSTRUCTION LUX BUILDING!!!,5567,2,1715ft2,https://boston.craigslist.org/gbs/fee/d/goliath-two-level-two-bed/6453997162.html
LOFT SPACE AVAILABLE IN ULTRA MODERN HIGH RISE WITH ON-SITE PARKING!!!,2564,,546ft2,https://boston.craigslist.org/gbs/fee/d/loft-space-available-in-ultra/6453995815.html
Sunny Davis Square Studio | No Broker Fee | Dishwasher | Hardwood | T!,1875,,480ft2,https://boston.craigslist.org/gbs/nfb/d/sunny-davis-square-studio-no/6438428646.html
5 Bd on Cherokee St Mission Hill Near NEU WIT MCPHS,5000,5,,https://boston.craigslist.org/gbs/fee/d/5-bd-on-cherokee-st-mission/6453741046.html
BRAND NEW 2 BED!  NEAR HARVARD SQUARE!,3200,2,,https://boston.craigslist.org/gbs/fee/d/brand-new-2-bed-near-harvard/6453741092.html
Mission Hill 5 bed Carmel St Near Northeastern / WIT / MCPHS,5300,5,,https://boston.craigslist.org/gbs/fee/d/mission-hill-5-bed-carmel-st/6453725539.html
Prime North End Location,2400,1,,https://boston.craigslist.org/gbs/fee/d/prime-north-end-location/6444653734.html
Sunny Studio~Utilities Included~Stunning Location~Carpet~No Laundry,1690,,,https://boston.craigslist.org/gbs/fee/d/sunny-studioutilities/6460363097.html
6 Bed 2 Bath Parker Hill Ave MISSION HILL Near NEU WIT MCPHS BERKLEE,7500,6,,https://boston.craigslist.org/gbs/fee/d/6-bed-2-bath-parker-hill-ave/6453725416.html
4 Bd on Parker Hill Ave Mission Hill Near NEU WIT MCPHS,5000,4,,https://boston.craigslist.org/gbs/fee/d/4-bd-on-parker-hill-ave/6453725379.html
Charming North End Studio,1650,,,https://boston.craigslist.org/gbs/fee/d/charming-north-end-studio/6444656275.html
Mission Hill 7 BED!!!!!!! MINS TO NEU WIT,6650,7,,https://boston.craigslist.org/gbs/fee/d/mission-hill-7-bed-mins-to/6453719357.html
8 Bed on Alleghany St MISSION HILL Near NEU WIT MCPHS,10000,8,,https://boston.craigslist.org/gbs/fee/d/8-bed-on-alleghany-st-mission/6453719402.html
4 Bed on Parker Hill MISSION HILL Near NEU WIT MCPHS,3800,4,,https://boston.craigslist.org/gbs/fee/d/4-bed-on-parker-hill-mission/6453719304.html
2 Bd on Darling St Mission Hill Near NEU WIT MCPHS,2595,2,,https://boston.craigslist.org/gbs/fee/d/2-bd-on-darling-st-mission/6453719191.html
"2 Bd on Darling St., New/Renovated Kitchen, Modern Kitchen, Disposal",2595,2,,https://boston.craigslist.org/gbs/fee/d/2-bd-on-darling-st-new/6453692854.html
5 Bd on Cherokee St Mission Hill Near NEU WIT MCPHS,5000,5,,https://boston.craigslist.org/gbs/fee/d/5-bd-on-cherokee-st-mission/6453692723.html
Studio on  on Westland Ave FENWAY Near NEU BERKLEE WIT MCPHS BAC NECO,1925,,,https://boston.craigslist.org/gbs/fee/d/studio-on-on-westland-ave/6453674484.html
CONDO QUALITY LUXURY APARTMENT LIVING AT EXPANSIVE TWO BED W/OUTDOORS!,4430,2,1320ft2,https://boston.craigslist.org/gbs/fee/d/condo-quality-luxury/6450881448.html
1 Bd Split on Westland Ave. FENWAY  Near BERKLEE NEU WIT MCPHS,2600,1,,https://boston.craigslist.org/gbs/fee/d/1-bd-split-on-westland-ave/6453674441.html
Prime North End Location,2400,1,,https://boston.craigslist.org/gbs/fee/d/prime-north-end-location/6444655184.html
Studio on Westland Ave.Fenway Mins to NEU,1935,,,https://boston.craigslist.org/gbs/fee/d/studio-on-westland-avefenway/6453674395.html
1/2 FEE AND 1/2 MO FREE AT THIS BEAUTIFUL CAMBRIDGE LUX PROPERTY!!!,3215,2,1152ft2,https://boston.craigslist.org/gbs/fee/d/1-2-fee-and-1-2-mo-free-at/6450880597.html
4 Bd on Chester St ALLSTON Mins to BU,4900,4,1200ft2,https://boston.craigslist.org/gbs/fee/d/4-bd-on-chester-st-allston/6453674344.html
"LOCATION, LOCATION, LOCATION!!! FANTASTIC 1 BED IN THE BELLEVUE!!!",2375,1,550ft2,https://boston.craigslist.org/gbs/fee/d/location-location-location/6456812545.html
Brainerd Rd ALLSTON 2 Bed Mins to Downtown,3200,2,,https://boston.craigslist.org/gbs/fee/d/brainerd-rd-allston-2-bed/6453664095.html
Prime Chinatown Location- NO BROKER FEE!,2100,1,,https://boston.craigslist.org/gbs/nfb/d/prime-chinatown-location-no/6444758650.html
Nice Allston 2 Bed in Allston,2500,2,850ft2,https://boston.craigslist.org/gbs/fee/d/nice-allston-2-bed-in-allston/6453663932.html
4 Bed on Highgate St ALLSTON Near BU,3600,4,,https://boston.craigslist.org/gbs/fee/d/4-bed-on-highgate-st-allston/6453646343.html
IMPOSSIBLE TO BEAT SPACE AND STYLE IN THIS EXPANSIVE BOSTON COMPLEX!!!,2215,,650ft2,https://boston.craigslist.org/gbs/fee/d/impossible-to-beat-space-and/6459177340.html
Wonderfully Updated Studio in Seaport District,2896,,475ft2,https://boston.craigslist.org/gbs/fee/d/wonderfully-updated-studio-in/6433161409.html
4 Bed on Highgate St ALLSTON Near BU,3600,4,,https://boston.craigslist.org/gbs/fee/d/4-bed-on-highgate-st-allston/6453646365.html
1 Bed on Commonwealth Ave ALLSTON  Right on the Green Line!!,1550,1,,https://boston.craigslist.org/gbs/fee/d/1-bed-on-commonwealth-ave/6453645737.html
ENJOY YOUR PRIVATE ROOF DECK OFF PENTHOUSE WORCESTER SQUARE 2 BED!!!,3950,2,1060ft2,https://boston.craigslist.org/gbs/fee/d/enjoy-your-private-roof-deck/6456518125.html
4 Bd on Farrington Ave Allston Mins to Downtown,4000,4,1700ft2,https://boston.craigslist.org/gbs/fee/d/4-bd-on-farrington-ave/6453480845.html
Spacious Back Bay 1 Bed Close to MIT / BU / BUMC,2650,1,,https://boston.craigslist.org/gbs/fee/d/spacious-back-bay-1-bed-close/6453438634.html
3 Bd on Commonwealth Ave ALLSTON,2850,3,,https://boston.craigslist.org/gbs/fee/d/3-bd-on-commonwealth-ave/6453448693.html
Prime North End Location,1650,,,https://boston.craigslist.org/gbs/fee/d/prime-north-end-location/6438757545.html
WONDERFUL Studio on Burbank St. FENWAY BERKLEE BOCO NEU WIT,1700,,,https://boston.craigslist.org/gbs/fee/d/wonderful-studio-on-burbank/6453327586.html
Beautiful North End 1 Bedroom- AVAILABLE Jan 1/Feb 1,1900,1,465ft2,https://boston.craigslist.org/gbs/fee/d/beautiful-north-end-1-bedroom/6435786203.html
"4 Bd on Parker St., 2 Bath",4400,4,,https://boston.craigslist.org/gbs/fee/d/4-bd-on-parker-st-2-bath/6464826149.html
Brookline Coolidge Corner...     Walk -2- LMA,1495,1,,https://boston.craigslist.org/gbs/nfb/d/brookline-coolidge-corner/6464824208.html
Wonderfully Updated Theater District 1 Bedroom- NO BROKER FEE!,3756,1,822ft2,https://boston.craigslist.org/gbs/nfb/d/wonderfully-updated-theater/6448213052.html
Chestnut Hill 3 Bed Manet Rd Mins to BC,4200,3,,https://boston.craigslist.org/gbs/fee/d/chestnut-hill-3-bed-manet-rd/6439674428.html
Perfect 2 Bedroom/2 Bath in Theater District- NO BROKER FEE!,4221,2,1089ft2,https://boston.craigslist.org/gbs/nfb/d/perfect-2-bedroom-2-bath-in/6448214250.html
AFFORDABLE 4 BED 2 BATH IN ALLSTON COMMUTING IS EASY AND FAST,3600,4,,https://boston.craigslist.org/gbs/fee/d/affordable-4-bed-2-bath-in/6464825967.html
WONDERFUL Studio on Beacon St KENMORE BU SOUTH SIMMONS MCPHS,1500,,396ft2,https://boston.craigslist.org/gbs/fee/d/wonderful-studio-on-beacon-st/6439619287.html
Prime Theater District Location,3990,2,,https://boston.craigslist.org/gbs/fee/d/prime-theater-district/6447893731.html
Amazing Theater District Studio,3160,,,https://boston.craigslist.org/gbs/fee/d/amazing-theater-district/6447889779.html
Quality Theater District 1 Bedroom,3310,1,,https://boston.craigslist.org/gbs/fee/d/quality-theater-district-1/6447859000.html
Exquisite - 1 bed - available 9.1 -,1850,1,,https://boston.craigslist.org/gbs/nfb/d/exquisite-1-bed-available-91/6464817484.html
Prime South End Location,3307,1,715ft2,https://boston.craigslist.org/gbs/fee/d/prime-south-end-location/6451415618.html
Perfect Seaport District 1 Bedroom,3077,1,764ft2,https://boston.craigslist.org/gbs/fee/d/perfect-seaport-district-1/6433169840.html
1 Bed on Commonwealth Ave. ALLSTON Mins to the City!!,1550,1,,https://boston.craigslist.org/gbs/fee/d/1-bed-on-commonwealth-ave/6453646180.html
Prime Seaport District Location,7800,3,1234ft2,https://boston.craigslist.org/gbs/fee/d/prime-seaport-district/6433167644.html
"2 Bd on Commonwealth Ave., Pet Ok, Parking For Rent",1995,2,,https://boston.craigslist.org/gbs/fee/d/2-bd-on-commonwealth-ave-pet/6453494152.html
1 Bd on Commonwealth Ave. ALLSTON,1750,1,,https://boston.craigslist.org/gbs/fee/d/1-bd-on-commonwealth-ave/6453493975.html
1 Bd Split on Brainerd Rd ALLSTON,1895,1,,https://boston.craigslist.org/gbs/fee/d/1-bd-split-on-brainerd-rd/6453493910.html
SUBLET LUXURY 2BR 2B FURNISHED RENTAL - Back Bay/South End,4950,2,1160ft2,https://boston.craigslist.org/gbs/abo/d/sublet-luxury-2br-2b/6464774617.html
Amazing 3 Bedroom/2 Bath in South End,5170,3,1426ft2,https://boston.craigslist.org/gbs/fee/d/amazing-3-bedroom-2-bath-in/6451396890.html
4 Bed on Commonwealth Ave ALLSTON Near BU,4000,4,,https://boston.craigslist.org/gbs/fee/d/4-bed-on-commonwealth-ave/6453476445.html
Prime North End Location,2400,1,,https://boston.craigslist.org/gbs/fee/d/prime-north-end-location/6438749557.html
BACK BAY 1 BED- Beacon St,2850,1,451ft2,https://boston.craigslist.org/gbs/nfb/d/back-bay-1-bed-beacon-st/6453438702.html
GORGEOUS Studio on Beacon St. BACK BAY Near BU MIT NECO,1800,,,https://boston.craigslist.org/gbs/fee/d/gorgeous-studio-on-beacon-st/6453438499.html
"Huge, single family, 4 beds, east side",4000,4,,https://boston.craigslist.org/gbs/fee/d/huge-single-family-4-beds/6464825466.html
Charming Theater District 2 Bedroom- NO BROKER FEE!,3750,2,,https://boston.craigslist.org/gbs/nfb/d/charming-theater-district-2/6444747920.html
3 Bd on Saint Lukes Rd ALLSTON MINS TO BU HARVARD BUSINESS,3200,3,,https://boston.craigslist.org/gbs/fee/d/3-bd-on-saint-lukes-rd/6453423672.html
4 Bed on Saint Lukes Rd ALLSTON Near BU,4400,4,,https://boston.craigslist.org/gbs/fee/d/4-bed-on-saint-lukes-rd/6453423781.html
GORGEOUS 3 Bed on Aberdeen St FENWAY  CLOSE TO BU NEU SIMMONS MCPHS,3500,3,,https://boston.craigslist.org/gbs/fee/d/gorgeous-3-bed-on-aberdeen-st/6453299585.html
Prime Chinatown Location- NO BROKER FEE!,2600,2,,https://boston.craigslist.org/gbs/nfb/d/prime-chinatown-location-no/6444748893.html
Charming 1 Bedroom in Chinatown- NO BROKER FEE!,1850,1,,https://boston.craigslist.org/gbs/nfb/d/charming-1-bedroom-in/6444749761.html
Prime Studio in South End,2828,,520ft2,https://boston.craigslist.org/gbs/fee/d/prime-studio-in-south-end/6444699674.html
Perfect Studio in South End,2650,,520ft2,https://boston.craigslist.org/gbs/fee/d/perfect-studio-in-south-end/6444691717.html
Charming South End Studio,2739,,590ft2,https://boston.craigslist.org/gbs/fee/d/charming-south-end-studio/6451418432.html
Stunning 2 Bedroom in North End,2500,2,700ft2,https://boston.craigslist.org/gbs/fee/d/stunning-2-bedroom-in-north/6435789327.html
Prime Chinatown Location- NO BROKER FEE!,1975,1,,https://boston.craigslist.org/gbs/nfb/d/prime-chinatown-location-no/6444751425.html
Studio on Brainerd Rd ALLSTON Mins to Downtown,1575,,,https://boston.craigslist.org/gbs/fee/d/studio-on-brainerd-rd-allston/6453494063.html
5 Bed on Linden St Allston RIGHT ON THE GREEN LINE Mins to BU,4200,5,1800ft2,https://boston.craigslist.org/gbs/fee/d/5-bed-on-linden-st-allston/6453493812.html
"4 Bd on Brainerd Rd., 2 Bath, Dishwasher, parking available, Disposal",3700,4,1700ft2,https://boston.craigslist.org/gbs/fee/d/4-bd-on-brainerd-rd-2-bath/6453478994.html
5 Bed Commonwealth Ave ALLSTON Near BU,4800,5,,https://boston.craigslist.org/gbs/fee/d/5-bed-commonwealth-ave/6453476495.html
1 Bed 1 Bath For SEPT 1st Cats Welcome,2400,1,,https://boston.craigslist.org/gbs/fee/d/1-bed-1-bath-for-sept-1st/6455579930.html
Back Bay 1 Bed Beacon St,2795,1,463ft2,https://boston.craigslist.org/gbs/nfb/d/back-bay-1-bed-beacon-st/6453448570.html
3 Bed on Beacon St in KENMORE Near BU SOUTH CAMPUS,3300,3,731ft2,https://boston.craigslist.org/gbs/fee/d/3-bed-on-beacon-st-in-kenmore/6452181468.html
BU SOUTH 2 Bed KENMORE,2450,1,516ft2,https://boston.craigslist.org/gbs/fee/d/bu-south-2-bed-kenmore/6452181407.html
BRAND NEW BACK BAY APARTMENT! Charles River View!,2950,1,451ft2,https://boston.craigslist.org/gbs/nfb/d/brand-new-back-bay-apartment/6453438745.html
Spacious Back Bay 1 Bed Close to MIT / BU / BUMC,2650,1,,https://boston.craigslist.org/gbs/fee/d/spacious-back-bay-1-bed-close/6453438625.html
"Beautiful, Sunny & Spacious 3 bedroom with Stainless Steel Applicances",2718,3,1461ft2,https://boston.craigslist.org/nos/abo/d/beautiful-sunny-spacious-3/6455030384.html
February 1st HALF FEE 2 Bed 1 Bath,2425,2,,https://boston.craigslist.org/gbs/fee/d/february-1st-half-fee-2-bed-1/6455582850.html
2 bed / astonishing / open layout / available September 1st,2300,2,,https://boston.craigslist.org/gbs/fee/d/2-bed-astonishing-open-layout/6464824256.html
GORGEOUS Studio on Beacon St. BACK BAY Near BU MIT NECO,1800,,,https://boston.craigslist.org/gbs/fee/d/gorgeous-studio-on-beacon-st/6453431495.html
4 Bed on Saint Lukes Rd ALLSTON Near BU,4400,4,,https://boston.craigslist.org/gbs/fee/d/4-bed-on-saint-lukes-rd/6453431388.html
2 Bed 1 Bath Pet OK With H&HW Available 2/01,1995,2,,https://boston.craigslist.org/gbs/fee/d/2-bed-1-bath-pet-ok-with-hhw/6456774684.html
3 Bed on Chester St ALLSTON,3000,3,,https://boston.craigslist.org/gbs/fee/d/3-bed-on-chester-st-allston/6453423720.html
4 Bed on Pratt St Allston NEAR BU,3400,4,,https://boston.craigslist.org/gbs/fee/d/4-bed-on-pratt-st-allston/6453423596.html
Studio on Queensberry FENWAY,1675,,,https://boston.craigslist.org/gbs/fee/d/studio-on-queensberry-fenway/6453365908.html
Studio on Jersey St  Fenway,2075,1,,https://boston.craigslist.org/gbs/fee/d/studio-on-jersey-st-fenway/6453365812.html
Park Dr 1 Bed Fenway!! Mins to Downtown,1800,1,,https://boston.craigslist.org/gbs/fee/d/park-dr-1-bed-fenway-mins-to/6453355821.html
"UP TO HALF MONTH OFF, HALF FEE PAID!! AMAZING LUXURY CONSTRUCTION!!!!",3325,2,1193ft2,https://boston.craigslist.org/gbs/fee/d/up-to-half-month-off-half-fee/6464824137.html
Park Dr 1 Bed Fenway!! AWESOME LOCATION,1800,1,,https://boston.craigslist.org/gbs/fee/d/park-dr-1-bed-fenway-awesome/6453355774.html
"Huge, single family, 4 beds, east side",4000,4,,https://boston.craigslist.org/gbs/fee/d/huge-single-family-4-beds/6464824094.html
Park Dr 1 Bed Fenway!! AWESOME LOCATION,1800,1,,https://boston.craigslist.org/gbs/fee/d/park-dr-1-bed-fenway-awesome/6453355774.html
"Huge, single family, 4 beds, east side",4000,4,,https://boston.craigslist.org/gbs/fee/d/huge-single-family-4-beds/6464824094.html
"Studio on Hemenway St., studio w/alcove, Laundry in Building",1710,,,https://boston.craigslist.org/gbs/fee/d/studio-on-hemenway-st-studio/6453337846.html
Studio on Burbank St FENWAY Near NEU BERKLEE BOCO NEC WIT,1525,,,https://boston.craigslist.org/gbs/fee/d/studio-on-burbank-st-fenway/6453327633.html
Amazing Chinatown 1 Bedroom- NO BROKER FEE!,2000,1,,https://boston.craigslist.org/gbs/nfb/d/amazing-chinatown-1-bedroom/6444754478.html
Park Dr 3 Bed FENWAY Near Simmons NEU BU,4010,3,,https://boston.craigslist.org/gbs/fee/d/park-dr-3-bed-fenway-near/6453337755.html
"ASTOUNDING 4BD/2BTH~HEAT,H/W INCLD~MODERN KTCH/BTH~COOLIDGE CORNER",4600,4,,https://boston.craigslist.org/gbs/fee/d/astounding-4bd-2bthheath/6464815726.html
WONDERFUL Studio on Beacon St KENMORE BU SOUTH SIMMONS MCPHS,1500,,396ft2,https://boston.craigslist.org/gbs/fee/d/wonderful-studio-on-beacon-st/6453299662.html
Great 5 Bedroom/2 Bath in North End,4750,5,1400ft2,https://boston.craigslist.org/gbs/fee/d/great-5-bedroom-2-bath-in/6444662258.html
COMM AVE CONDO MINS TO BU *MUST SEE*,2300,1,525ft2,https://boston.craigslist.org/gbs/fee/d/comm-ave-condo-mins-to-bu/6440414996.html
Prime South End Location,4153,2,1107ft2,https://boston.craigslist.org/gbs/fee/d/prime-south-end-location/6451396065.html
Perfect 1 Bedroom in South End,3284,1,709ft2,https://boston.craigslist.org/gbs/fee/d/perfect-1-bedroom-in-south-end/6451406200.html
Amazing North End 1 Bedroom,1900,1,400ft2,https://boston.craigslist.org/gbs/fee/d/amazing-north-end-1-bedroom/6435788249.html
GREAT 3 BED IN ALLSTON WITH LAUNDRY IN BUILDING NEAR BU AVAIL 9/1,2700,3,,https://boston.craigslist.org/gbs/fee/d/great-3-bed-in-allston-with/6464823475.html
"4 Bd on Brainerd Rd., 2 Bath, Ceramic Tiles, Internet, Modern Bath",3700,4,1700ft2,https://boston.craigslist.org/gbs/fee/d/4-bd-on-brainerd-rd-2-bath/6464823400.html
OUTSTANDING 4BD~WALK-IN CLOSETS!~CATS OK~GREEN-D,3500,4,,https://boston.craigslist.org/gbs/fee/d/outstanding-4bdwalk-in/6464823403.html
Beautiful 2 Bedroom/2 Bath in West End,3325,2,1156ft2,https://boston.craigslist.org/gbs/fee/d/beautiful-2-bedroom-2-bath-in/6447934343.html
Beautiful 1 Bedroom in West End,2805,1,742ft2,https://boston.craigslist.org/gbs/fee/d/beautiful-1-bedroom-in-west/6447940557.html
Prime North End Location,2100,1,630ft2,https://boston.craigslist.org/gbs/fee/d/prime-north-end-location/6435781704.html
1 Bed on Pratt St ALLSTON Near BU,1800,1,,https://boston.craigslist.org/gbs/fee/d/1-bed-on-pratt-st-allston/6453417753.html
"Huge, single family, 4 beds, east side",4000,4,,https://boston.craigslist.org/gbs/fee/d/huge-single-family-4-beds/6464822880.html
Huge 4 Bedroom Heat/HW included ALLSTON,3500,4,1200ft2,https://boston.craigslist.org/gbs/fee/d/huge-4-bedroom-heat-hw/6453417659.html
Prime North End Location,2850,1,680ft2,https://boston.craigslist.org/gbs/fee/d/prime-north-end-location/6435779097.html
PEACEFUL LIVING IN NO FEE BRICK COMPLEX IN THE HEART OF BACK BAY!!!,3399,1,776ft2,https://boston.craigslist.org/gbs/nfb/d/peaceful-living-in-no-fee/6464822758.html
5 Bed on Ashford St ALLSTON Near BU,4750,5,,https://boston.craigslist.org/gbs/fee/d/5-bed-on-ashford-st-allston/6453417537.html
3 Bed on Ashford St ALLSTON Near BU,3200,3,,https://boston.craigslist.org/gbs/fee/d/3-bed-on-ashford-st-allston/6453390628.html
Studio on Queensberry St Fenway - Mins to Longwood -,1625,,,https://boston.craigslist.org/gbs/fee/d/studio-on-queensberry-st/6453390520.html
Quality 1 Bedroom in West End,2856,1,787ft2,https://boston.craigslist.org/gbs/fee/d/quality-1-bedroom-in-west-end/6447944246.html
Quality 2 Bedroom/2 Bath in Seaport District,3794,2,1058ft2,https://boston.craigslist.org/gbs/fee/d/quality-2-bedroom-2-bath-in/6433144698.html
COMM AVE CONDO MINS TO DOWNTOWN  *MUST SEE*,2300,1,525ft2,https://boston.craigslist.org/gbs/fee/d/comm-ave-condo-mins-to/6453327542.html
COMM AVE CONDO MINS TO DOWNTOWN  *MUST SEE*,2300,1,525ft2,https://boston.craigslist.org/gbs/fee/d/comm-ave-condo-mins-to/6453327492.html
3 Bd on Beacon St Kenmore Mins to BU SIMMONS WHEELOCK,3360,3,731ft2,https://boston.craigslist.org/gbs/fee/d/3-bd-on-beacon-st-kenmore/6453299735.html
Studio on Brainerd Rd ALLSTON,1575,,,https://boston.craigslist.org/gbs/fee/d/studio-on-brainerd-rd-allston/6439268263.html
Prime Seaport District Location,3189,1,712ft2,https://boston.craigslist.org/gbs/fee/d/prime-seaport-district/6433148228.html
"2 Bd on Euston Rd., Disposal, Hardwood Floors, Ceramic Tiles, A/C",2425,2,,https://boston.craigslist.org/gbs/fee/d/2-bd-on-euston-rd-disposal/6464744769.html
1 Bed on  Queensberry St Fenway Mins to Longwood,2150,1,,https://boston.craigslist.org/gbs/fee/d/1-bed-on-queensberry-st/6453390626.html
Stunning 1 Bedroom in Seaport District with Private Outdoor Space,3699,1,829ft2,https://boston.craigslist.org/gbs/fee/d/stunning-1-bedroom-in-seaport/6433172070.html
1 Bd on Queensberry St FENWAY,2150,1,,https://boston.craigslist.org/gbs/fee/d/1-bd-on-queensberry-st-fenway/6453390449.html
Studio on Jersey St FENWAY,1775,,395ft2,https://boston.craigslist.org/gbs/fee/d/studio-on-jersey-st-fenway/6453390511.html
1 Bd on Park Dr Fenway,2250,1,,https://boston.craigslist.org/gbs/fee/d/1-bd-on-park-dr-fenway/6453365783.html
2 bed Condo on Edgerly Rd Fenway Laundry in Unit,3250,2,,https://boston.craigslist.org/gbs/fee/d/2-bed-condo-on-edgerly-rd/6453365691.html
Park Dr 1 Bed Fenway!! Mins to Longwood,1800,1,,https://boston.craigslist.org/gbs/fee/d/park-dr-1-bed-fenway-mins-to/6453355732.html
Wonderfully Updated South End 2 Bedroom,3530,2,929ft2,https://boston.craigslist.org/gbs/fee/d/wonderfully-updated-south-end/6444708939.html
4 Bd on Park Dr FENWAY Near NEU SIMMONS WIT MCPHS,5600,4,,https://boston.craigslist.org/gbs/fee/d/4-bd-on-park-dr-fenway-near/6453355679.html
2 Bed on Hemenway St Near Northeastern WIT Berklee MCPHS,2500,1,,https://boston.craigslist.org/gbs/fee/d/2-bed-on-hemenway-st-near/6453355644.html
Studio on Hemenway St FENWAY Near NEU BERKLEE WIT,1700,,,https://boston.craigslist.org/gbs/fee/d/studio-on-hemenway-st-fenway/6453337950.html
Studio on Hemenway St FENWAY Near NEU BERKLEE WIT,1710,,,https://boston.craigslist.org/gbs/fee/d/studio-on-hemenway-st-fenway/6453337898.html
Available 9-1 | 2 bed | spectacular | office/den,1900,2,,https://boston.craigslist.org/gbs/fee/d/availablebed-spectacular/6464822033.html
Westland Ave Studio FENWAY Near NEU WIT BERKLEE BAC BOCO,1850,,,https://boston.craigslist.org/gbs/fee/d/westland-ave-studio-fenway/6453337805.html
BU SOUTH 2 Bed KENMORE,2450,1,516ft2,https://boston.craigslist.org/gbs/fee/d/bu-south-2-bed-kenmore/6453327459.html
3 Bed on Beacon St KENMORE BU MCPHS SIMMONS,2820,3,752ft2,https://boston.craigslist.org/gbs/fee/d/3-bed-on-beacon-st-kenmore-bu/6453299692.html
Beacon St 1 Bed Kenmore Sq Near BU / MIT  / BUMC,2100,1,517ft2,https://boston.craigslist.org/gbs/fee/d/beacon-st-1-bed-kenmore-sq/6453299631.html
FURNISHED SHORT TERM 1 BED IN KENMORE SQ MINS TO BU MIT BUMC,2600,1,520ft2,https://boston.craigslist.org/gbs/fee/d/furnished-short-term-1-bed-in/6440415068.html
3 Bd on Park Dr.KENMORE Near BU NEU WIT,4250,3,,https://boston.craigslist.org/gbs/fee/d/3-bd-on-park-drkenmore-near/6440414928.html
5 Bd on Hillside St.,4650,5,1200ft2,https://boston.craigslist.org/gbs/fee/d/5-bd-on-hillside-st/6464821737.html
"Huge, single family, 4 beds, east side",4000,4,,https://boston.craigslist.org/gbs/fee/d/huge-single-family-4-beds/6464821633.html
Chestnut Hill 3 Bed Manet Rd Mins to BC,4200,3,,https://boston.craigslist.org/gbs/fee/d/chestnut-hill-3-bed-manet-rd/6439680637.html
Studio on Burbank St FENWAY Near NEU BERKLEE BOCO NEC WIT,1525,,,https://boston.craigslist.org/gbs/fee/d/studio-on-burbank-st-fenway/6439452400.html
Amazing South End 1 Bedroom,3468,1,820ft2,https://boston.craigslist.org/gbs/fee/d/amazing-south-end-1-bedroom/6444706933.html
Studio on Orkney Rd BRIGHTON,1550,,,https://boston.craigslist.org/gbs/fee/d/studio-on-orkney-rd-brighton/6439603912.html
Stunning 2 Bedroom/2 Bath in Seaport District,3979,2,1132ft2,https://boston.craigslist.org/gbs/fee/d/stunning-2-bedroom-2-bath-in/6433179451.html
"Renovated Davis Sq 3BR w/ Parking Included, Free Laundry - Avail NOW!",2975,3,,https://boston.craigslist.org/gbs/fee/d/renovated-davis-sq-3br/6464821197.html
1 Bed on Commonwealth Ave. ALLSTON,1550,1,,https://boston.craigslist.org/gbs/fee/d/1-bed-on-commonwealth-ave/6439586638.html
Studio on Commonwealth Ave ALLSTON Mins to Downtown,1550,,,https://boston.craigslist.org/gbs/fee/d/studio-on-commonwealth-ave/6439603839.html
Charming South End 2 Bedroom,4144,2,1107ft2,https://boston.craigslist.org/gbs/fee/d/charming-south-end-2-bedroom/6444712161.html
Prime South End Location,3879,2,1098ft2,https://boston.craigslist.org/gbs/fee/d/prime-south-end-location/6444715126.html
Wonderfully Updated 1 Bedroom in South End,3085,1,709ft2,https://boston.craigslist.org/gbs/fee/d/wonderfully-updated-1-bedroom/6444718717.html
Stunning 1 Bedroom in South End,3158,1,715ft2,https://boston.craigslist.org/gbs/fee/d/stunning-1-bedroom-in-south/6444721050.html
MASSIVE LOFT FACING NORTH END ON A HIGH FLOOR AND UPDATED APPLIANCES!!,2415,,650ft2,https://boston.craigslist.org/gbs/fee/d/massive-loft-facing-north-end/6464820905.html
Charming South End 2 Bedroom- NO BROKER FEE!,3450,2,,https://boston.craigslist.org/gbs/nfb/d/charming-south-end-2-bedroom/6438774595.html
Prime Seaport District Location,5103,2,1222ft2,https://boston.craigslist.org/gbs/fee/d/prime-seaport-district/6433175077.html
Studio on Bowdoin St BEACON HILL Near SUFFOLK EMERSON MGH,2000,,,https://boston.craigslist.org/gbs/fee/d/studio-on-bowdoin-st-beacon/6439504372.html
"Pets Allowed, Large 1 Bedroom, Perfect Location For Anything Close!",3200,1,,https://boston.craigslist.org/gbs/fee/d/pets-allowed-large-1-bedroom/6464820638.html
2 Bed 2 Bath Available 9/01 With Gas H&HW,3200,2,,https://boston.craigslist.org/gbs/fee/d/2-bed-2-bath-available-9-01/6464820574.html
Prime North End 1 Bedroom- AVAILABLE Jan 1 or Feb 1,1900,1,465ft2,https://boston.craigslist.org/gbs/fee/d/prime-north-end-1-bedroom/6438772355.html
COMM AVE CONDO MINS TO BU *MUST SEE*,2300,1,525ft2,https://boston.craigslist.org/gbs/fee/d/comm-ave-condo-mins-to-bu/6439674333.html
1 Bed on Park Dr FENWAY,1800,1,,https://boston.craigslist.org/gbs/fee/d/1-bed-on-park-dr-fenway/6434840968.html
Joy St 1 Bed Beacon Hill Mins to the Financial District,2100,1,,https://boston.craigslist.org/gbs/fee/d/joy-st-1-bed-beacon-hill-mins/6439522862.html
Studio on Orkney Rd BRIGHTON,1575,,,https://boston.craigslist.org/gbs/fee/d/studio-on-orkney-rd-brighton/6439616915.html
"Stunning Brookline 4 Bd on Dwight St., 3.5 Bath, NO FEE",8000,4,3003ft2,https://boston.craigslist.org/gbs/nfb/d/stunning-brookline-4-bd-on/6464820244.html
1 Bd on Commonwealth Ave ALLSTON,1750,1,,https://boston.craigslist.org/gbs/fee/d/1-bd-on-commonwealth-ave/6439616948.html
Quality North End 1 Bedroom,1900,1,465ft2,https://boston.craigslist.org/gbs/fee/d/quality-north-end-1-bedroom/6444666549.html
"Huge, single family, 4 beds, east side",4000,4,,https://boston.craigslist.org/gbs/fee/d/huge-single-family-4-beds/6464820118.html
1 bed | fly | laundry in unit | available September 1st,1900,1,,https://boston.craigslist.org/gbs/fee/d/1-bed-fly-laundry-in-unit/6464820078.html
Studio on Commonwealth Ave ALLSTON Mins to Downtown,1550,,,https://boston.craigslist.org/gbs/fee/d/studio-on-commonwealth-ave/6439603782.html
6 Bd on Pratt St ALLSTON Near BU,4800,6,,https://boston.craigslist.org/gbs/fee/d/6-bd-on-pratt-st-allston-near/6439680446.html
Amazing Theater District 1 Bedroom- NO BROKER FEE!,2675,1,,https://boston.craigslist.org/gbs/nfb/d/amazing-theater-district-1/6444735821.html
April 1st 1 BED 1 Bath With H&HW Cat OK,1850,1,,https://boston.craigslist.org/gbs/fee/d/april-1st-1-bed-1-bath-with/6456776925.html
Prime West End Location,4050,2,1275ft2,https://boston.craigslist.org/gbs/fee/d/prime-west-end-location/6447964662.html
1 Bed 1 Bath Available APRIL 1st Cat OK,1775,1,,https://boston.craigslist.org/gbs/fee/d/1-bed-1-bath-available-april/6456778460.html
IMMACULATE VIEW FROM YOUR LUXURIOUS HIGH RISE TWO BED TWO BATH!!!,3525,2,833ft2,https://boston.craigslist.org/gbs/nfb/d/immaculate-view-from-your/6464819658.html
Stunning West End 2 Bedroom,4065,2,1235ft2,https://boston.craigslist.org/gbs/fee/d/stunning-west-end-2-bedroom/6448021753.html
"South Boston 2 Bd on D St., NO FEE, Pet Ok, Parking For Rent",4000,2,,https://boston.craigslist.org/gbs/nfb/d/south-boston-2-bd-on-st-no/6464819630.html
Prime Chinatown Location- NO BROKER FEE!,1975,1,,https://boston.craigslist.org/gbs/nfb/d/prime-chinatown-location-no/6444757456.html
1 Bed 1 Bath For MARCH 1 Cats Welcome Plus H&HW,1750,1,,https://boston.craigslist.org/gbs/fee/d/1-bed-1-bath-for-march-1-cats/6456780568.html
BU South Studio Aberdeen St KENMORE,1450,,,https://boston.craigslist.org/gbs/fee/d/bu-south-studio-aberdeen-st/6439616989.html
Huge 4 Bedroom Heat/HW included,3500,4,1200ft2,https://boston.craigslist.org/gbs/fee/d/huge-4-bedroom-heat-hw/6439586766.html
HUGE Back Bay 1 Bed Mins to Downton,2650,1,,https://boston.craigslist.org/gbs/fee/d/huge-back-bay-1-bed-mins-to/6439435004.html
3 Bd on Beacon St Kenmore Mins to BU SIMMONS WHEELOCK,3360,3,731ft2,https://boston.craigslist.org/gbs/fee/d/3-bd-on-beacon-st-kenmore/6439639482.html
Prime Chinatown Location- NO BROKER FEE!,2950,2,,https://boston.craigslist.org/gbs/nfb/d/prime-chinatown-location-no/6444756267.html
Nice 4 bed 2 bath unit in a Prime location,4400,4,,https://boston.craigslist.org/gbs/fee/d/nice-4-bed-2-bath-unit-in/6464815522.html
1 Bd on Boylston Sr BACK BAY Near EMERSON SUFFOLK,2800,1,,https://boston.craigslist.org/gbs/fee/d/1-bd-on-boylston-sr-back-bay/6439674399.html
Beautiful North End 5 Bedroom,4750,5,1400ft2,https://boston.craigslist.org/gbs/fee/d/beautiful-north-end-5-bedroom/6435784648.html
Westland Ave Studio FENWAY Near NEU WIT BERKLEE BAC BOCO,1850,,,https://boston.craigslist.org/gbs/fee/d/westland-ave-studio-fenway/6439435046.html
BU South Studio Aberdeen St KENMORE,1450,,,https://boston.craigslist.org/gbs/fee/d/bu-south-studio-aberdeen-st/6439235801.html
FURNISHED SHORT TERM 1 BED IN KENMORE SQ MINS TO BU,2600,1,520ft2,https://boston.craigslist.org/gbs/fee/d/furnished-short-term-1-bed-in/6439674248.html
AT Longwood Medical Large Studio-Ht/Hw-Students ok. E train-Sept,1860,,,https://boston.craigslist.org/gbs/fee/d/at-longwood-medical-large/6464819011.html
2 Bed on Reedsdale St ALLSTON Near BU,2800,2,,https://boston.craigslist.org/gbs/fee/d/2-bed-on-reedsdale-st-allston/6439586705.html
Studio on Burbank St FENWAY Near NEU BERKLEE BOCO NEC WIT,1525,,,https://boston.craigslist.org/gbs/fee/d/studio-on-burbank-st-fenway/6439452365.html
Studio on Brainerd Rd ALLSTON,1575,,,https://boston.craigslist.org/gbs/fee/d/studio-on-brainerd-rd-allston/6439523356.html
BEACON ST 1 BED KENMORE SQ AMAZING DEAL - MUST SEE - MINS TO DOWNTOWN,2100,1,517ft2,https://boston.craigslist.org/gbs/fee/d/beacon-st-1-bed-kenmore-sq/6439344878.html
BU SOUTH 2 Bed KENMORE,2450,1,516ft2,https://boston.craigslist.org/gbs/fee/d/bu-south-2-bed-kenmore/6439639552.html
3 Bed on Beacon St KENMORE BU MCPHS SIMMONS,2820,3,752ft2,https://boston.craigslist.org/gbs/fee/d/3-bed-on-beacon-st-kenmore-bu/6439639459.html
Studio on Orkney Rd BRIGHTON,1550,,,https://boston.craigslist.org/gbs/fee/d/studio-on-orkney-rd-brighton/6439434880.html
Stunning 2 Bd on Mt Vernon St BEACON HILL,3100,2,,https://boston.craigslist.org/gbs/fee/d/stunning-2-bd-on-mt-vernon-st/6439205505.html
3 Bed on Beacon St in KENMORE Near BU SOUTH CAMPUS,3300,3,731ft2,https://boston.craigslist.org/gbs/fee/d/3-bed-on-beacon-st-in-kenmore/6439639563.html
1 Bed on Beacon St Kenmore Sq Mins to MIT BU BUMC,2100,1,517ft2,https://boston.craigslist.org/gbs/fee/d/1-bed-on-beacon-st-kenmore-sq/6439617027.html
Great Seaport District 1 Bedroom,2621,1,587ft2,https://boston.craigslist.org/gbs/fee/d/great-seaport-district-1/6433142782.html
1 Bed on Beacon St Kenmore Sq Mins to MIT BU BUMC,2100,1,517ft2,https://boston.craigslist.org/gbs/fee/d/1-bed-on-beacon-st-kenmore-sq/6439617027.html
Great Seaport District 1 Bedroom,2621,1,587ft2,https://boston.craigslist.org/gbs/fee/d/great-seaport-district-1/6433142782.html
"2 Bd on Washington St., CLOSE TO BMC/TUFTSMEDSCHOOL",2900,2,,https://boston.craigslist.org/gbs/fee/d/2-bd-on-washington-st-close/6439586919.html
4 Bd on Chiswick Rd. BRIGHTON **CLOSE BC**,4005,4,,https://boston.craigslist.org/gbs/fee/d/4-bd-on-chiswick-rd-brighton/6439386523.html
1 Bd on Brighton Ave.ALLSTON,1600,1,,https://boston.craigslist.org/gbs/fee/d/1-bd-on-brighton-aveallston/6439540550.html
2 Bed on Chester St. ALLSTON,2350,2,,https://boston.craigslist.org/gbs/fee/d/2-bed-on-chester-st-allston/6439586845.html
1 Bed on Park Dr FENWAY Near Longwood,1800,1,,https://boston.craigslist.org/gbs/fee/d/1-bed-on-park-dr-fenway-near/6439452807.html
1 Bd on South Russell St.BEACON HILL,2300,1,,https://boston.craigslist.org/gbs/fee/d/1-bd-on-south-russell/6439504414.html
WONDERFUL 1 Bed on Brighton Ave. ALLSTON Near BU,1550,1,,https://boston.craigslist.org/gbs/fee/d/wonderful-1-bed-on-brighton/6439540597.html
FURNISHED SHORT TERM 1 BED IN KENMORE SQ MINS TO BU,2600,1,520ft2,https://boston.craigslist.org/gbs/fee/d/furnished-short-term-1-bed-in/6439245679.html
1 Bed on Park Dr FENWAY,1800,1,,https://boston.craigslist.org/gbs/fee/d/1-bed-on-park-dr-fenway/6434979376.html
Studio on Brainerd Rd ALLSTON,1575,,,https://boston.craigslist.org/gbs/fee/d/studio-on-brainerd-rd-allston/6439603743.html
Breathtaking Seaport District 1 Bedroom,3187,1,950ft2,https://boston.craigslist.org/gbs/fee/d/breathtaking-seaport-district/6433165671.html
1 Bd on Commonwealth Ave ALLSTON,1750,1,,https://boston.craigslist.org/gbs/fee/d/1-bd-on-commonwealth-ave/6439540514.html
Stunning 2 Bd on Mt Vernon St BEACON HILL,3100,2,,https://boston.craigslist.org/gbs/fee/d/stunning-2-bd-on-mt-vernon-st/6439504283.html
5 Bed on Carmel St MISSION HILL Near NEU WIT  MCPHS,5300,5,,https://boston.craigslist.org/gbs/fee/d/5-bed-on-carmel-st-mission/6439386382.html
Prime South End Location,3538,2,929ft2,https://boston.craigslist.org/gbs/fee/d/prime-south-end-location/6451412295.html
Spacious Back Bay 1 Bed Close to MIT / BU / BUMC,2650,1,,https://boston.craigslist.org/gbs/fee/d/spacious-back-bay-1-bed-close/6452668291.html
Prime Studio in South End,2572,,520ft2,https://boston.craigslist.org/gbs/fee/d/prime-studio-in-south-end/6451409370.html
Prime Seaport District Location,5739,2,1030ft2,https://boston.craigslist.org/gbs/fee/d/prime-seaport-district/6433177673.html
Quality 1 Bedroom in Theater District- NO BROKER FEE!,2550,1,,https://boston.craigslist.org/gbs/nfb/d/quality-1-bedroom-in-theater/6444727506.html
Newly Updated Studio Back Bay,2400,,,https://boston.craigslist.org/gbs/fee/d/newly-updated-studio-back-bay/6439344997.html
Studio on Queensberry St Fenway,1625,,,https://boston.craigslist.org/gbs/fee/d/studio-on-queensberry-st/6439465462.html
Studio on Orkney Rd BRIGHTON,1575,,,https://boston.craigslist.org/gbs/fee/d/studio-on-orkney-rd-brighton/6439434925.html
Studio on Queensberry St Fenway Near Longwood MCPHS,1675,,,https://boston.craigslist.org/gbs/fee/d/studio-on-queensberry-st/6439504263.html
1 Bd on  Queensberry St Fenway,2150,1,,https://boston.craigslist.org/gbs/fee/d/1-bd-on-queensberry-st-fenway/6439504251.html
Blackwood St 1 Bed south End,2300,1,650ft2,https://boston.craigslist.org/gbs/fee/d/blackwood-st-1-bed-south-end/6452661138.html
"6 bed available 9/1, laundry in unit and freshly painted",4950,6,,https://boston.craigslist.org/gbs/fee/d/6-bed-available-9-1-laundry/6464817761.html
1 Bd on Queensberry St FENWAY Near Longwood ',2075,1,,https://boston.craigslist.org/gbs/fee/d/1-bd-on-queensberry-st-fenway/6439465100.html
4 Bed on Saint Lukes Rd ALLSTON Near BU,4400,4,,https://boston.craigslist.org/gbs/fee/d/4-bed-on-saint-lukes-rd/6439367211.html
"Great Spot!!  2 bed 1 1/2 baths available NOW $1,800",1800,,,https://boston.craigslist.org/gbs/abo/d/great-spot-2-bedbaths/6448290231.html
3 Bed on Beacon St KENMORE BU MCPHS SIMMONS,2820,3,752ft2,https://boston.craigslist.org/gbs/fee/d/3-bed-on-beacon-st-kenmore-bu/6439342063.html
1 Bd on Brighton Ave.ALLSTON,1600,1,,https://boston.craigslist.org/gbs/fee/d/1-bd-on-brighton-aveallston/6439252822.html
Garden Level Fenway Studio!,1675,,,https://boston.craigslist.org/gbs/fee/d/garden-level-fenway-studio/6439465397.html
1 Bed on Park Dr FENWAY,1800,1,,https://boston.craigslist.org/gbs/fee/d/1-bed-on-park-dr-fenway/6439452528.html
Available September 1st / 1 bed / beautiful / dishwasher,1650,1,,https://boston.craigslist.org/gbs/fee/d/available-september-1st-1-bed/6464813076.html
Beacon St 1 Bed Kenmore Sq Near BU / MIT  / BUMC,2100,1,517ft2,https://boston.craigslist.org/gbs/fee/d/beacon-st-1-bed-kenmore-sq/6452661391.html
1 Bd on Commonwealth Ave.,1850,1,,https://boston.craigslist.org/gbs/fee/d/1-bd-on-commonwealth-ave/6452489763.html
STUDENT FRIENDLY 4 BED GEM - GREAT LOCATION - DON'T MISS OUT,4800,4,,https://boston.craigslist.org/gbs/fee/d/student-friendly-4-bed-gem/6464808073.html
"Avail. now! Inman Square, 3 bedroom 1 bath, two off-street parking!",2500,3,1400ft2,https://boston.craigslist.org/gbs/abo/d/avail-now-inman-square-3/6443733488.html
"Avail now! Sunny 3 bedroom, 2 bath, laundry, parking!",2500,3,1500ft2,https://boston.craigslist.org/gbs/abo/d/avail-now-sunny-3-bedroom-2/6443732257.html
Tufts University~Private Back Porch~New Stainless Steel~ LED Lighting,2975,3,950ft2,https://boston.craigslist.org/gbs/fee/d/tufts-universityprivate-back/6450817570.html
Studio,1690,,,https://boston.craigslist.org/gbs/fee/d/studio/6458913719.html
"Very nice 4 Bed, close to BU and Coolidge Corner!",4850,4,,https://boston.craigslist.org/gbs/fee/d/very-nice-4-bed-close-to-bu/6464816754.html
"6 Bd, 3 Bath, New/Renovated Kitchen, Eat-in Kitchen, Duplex, Disposal",6900,6,,https://boston.craigslist.org/gbs/fee/d/6-bd-3-bath-new-renovated/6458764264.html
Large Studio On Copley Square. Steps To Green Line Trains/Buses!,1850,1,,https://boston.craigslist.org/gbs/fee/d/large-studio-on-copley-square/6464816549.html
"Somerville, 1/2 mile to Davis Sq, One Month Free,Available Now, No Fee",2500,,,https://boston.craigslist.org/gbs/nfb/d/somerville-1-2-mile-to-davis/6464815949.html
Charming 1 Bed in South Boston!,1875,1,,https://boston.craigslist.org/gbs/nfb/d/charming-1-bed-in-south-boston/6464815705.html
"Huge, single family, 4 beds, east side",4000,4,,https://boston.craigslist.org/gbs/fee/d/huge-single-family-4-beds/6464815567.html
Amazing Rental Opportunity !!! Stunning Brookline 4 Bed 3.5 Bath,8000,4,3003ft2,https://boston.craigslist.org/gbs/nfb/d/amazing-rental-opportunity/6464815298.html
"Minutes to BU, available Sep 1 * 2 bed w/ in unit laundry",2200,2,,https://boston.craigslist.org/gbs/fee/d/minutes-to-bu-available-sep-1/6464815253.html
Well appointed | dishwasher | available September 1st | 1 bed,1770,1,,https://boston.craigslist.org/gbs/fee/d/well-appointed-dishwasher/6464815238.html
Amazing Rental Opportunity !!! Stunning Brookline 4 Bed 3.5 Bath,8000,4,3003ft2,https://boston.craigslist.org/gbs/nfb/d/amazing-rental-opportunity/6464815170.html
"Need Roomate for 3 Bed, 2 Bath in Davis Sq. Somerville",900,3,,https://boston.craigslist.org/gbs/abo/d/need-roomate-for-3-bed-2-bath/6464804913.html
Near T! NO BROKER FEE! Foyer~Spacious~Hardwood~Coin-OP! Eat-in Kitchen,3095,3,,https://boston.craigslist.org/gbs/nfb/d/near-no-broker-fee/6451223972.html
"4 Bed in mission hill near bc bu & downtown, public transportation",3200,4,1000ft2,https://boston.craigslist.org/gbs/fee/d/4-bed-in-mission-hill-near-bc/6464814997.html
Pet Friendly~Sunny 2 bed~Modern Kitchen~Hardwood~Elevator~Coin-Op!,1825,2,,https://boston.craigslist.org/gbs/fee/d/pet-friendlysunny-2-bedmodern/6454762214.html
Large 4BD Apartment in Chelsea on Broadway,2300,4,1200ft2,https://boston.craigslist.org/nos/abo/d/large-4bd-apartment-in/6464789196.html
Amazing Location~Near T! Sunny Studio~Granite Counters~Gleaming Floors,2080,,,https://boston.craigslist.org/gbs/fee/d/amazing-locationnear-sunny/6460355930.html
Stunning unit~Near T! Parking Spot~Bright~Gleaming Hardwood~Porch~2/1!,2500,2,,https://boston.craigslist.org/gbs/fee/d/stunning-unitnear-parking/6460472835.html
Renovaetd Inman Sq. 3 Bed: Equal Sized Bedrooms - 15 to Harvard!,2995,3,,https://boston.craigslist.org/gbs/fee/d/renovaetd-inman-sq-3-bed/6464814815.html
Near T~Amazing Location~Spacious~Bright~1st Floor~Coin-Op~NorthEastern,3190,2,,https://boston.craigslist.org/gbs/fee/d/near-tamazing/6461142808.html
"South Boston 2 Bd, NO FEE, Parking For Rent",2900,2,,https://boston.craigslist.org/gbs/nfb/d/south-boston-2-bd-no-fee/6464814780.html
Spacious 6 bedroom apartment,4300,,,https://boston.craigslist.org/gbs/fee/d/spacious-6-bedroom-apartment/6454891484.html
Great studio NO FEE!!,1550,,,https://boston.craigslist.org/gbs/nfb/d/great-studio-no-fee/6457445432.html
"Great 5 Bd, 2.5 Bath!!!",6300,5,1700ft2,https://boston.craigslist.org/gbs/fee/d/great-5-bd-25-bath/6457325019.html
Beautiful~Modern Kitchen~Hardwood Floors~Yard~Porch~Modern Bath,2500,3,,https://boston.craigslist.org/gbs/fee/d/beautifulmodern/6464814396.html
"BEAUTIFUL 1 Bd, NO FEE, Pets ok",3341,1,730ft2,https://boston.craigslist.org/gbs/nfb/d/beautiful-1-bd-no-fee-pets-ok/6456327205.html
Great Studio apartment in Knemore area,1650,,,https://boston.craigslist.org/gbs/fee/d/great-studio-apartment-in/6461534727.html
"6 Bd, 2 Bath, Hardwood Floors, Ceramic Tiles, Eat-in Kitchen",4800,6,,https://boston.craigslist.org/gbs/fee/d/6-bd-2-bath-hardwood-floors/6461538209.html
4 Bed near Packards Corner--Large Living Room and Renovated Kitchen,4400,4,,https://boston.craigslist.org/gbs/fee/d/4-bed-near-packards-corner/6461559733.html
Sunny Mission Hill Bedroom,950,,,https://boston.craigslist.org/gbs/nfb/d/sunny-mission-hill-bedroom/6464808585.html
Studio With 1 Bath Available FEBRUARY 1,1575,,,https://boston.craigslist.org/gbs/fee/d/studio-with-1-bath-available/6456782112.html
March 1st STUDIO With 1 Bath Cat OK,1500,,,https://boston.craigslist.org/gbs/fee/d/march-1st-studio-with-1-bath/6456784203.html
Available Now 1 BED 1 Bath With H&HW,1795,1,636ft2,https://boston.craigslist.org/gbs/fee/d/available-now-1-bed-1-bath/6456787436.html
Beacon st/Mass ave Studio-Ht/Hw-Walk to MIT-Newbury st-Laundry-heated,1800,,,https://boston.craigslist.org/gbs/fee/d/beacon-st-mass-ave-studio-ht/6464813909.html
Brookline 5 bedroom,4000,5,,https://boston.craigslist.org/gbs/fee/d/brookline-5-bedroom/6462044901.html
"Studio on Saint Lukes Rd., EXCLUSIVE LISTING, Disposal, Gas Stove",1450,,,https://boston.craigslist.org/gbs/nfb/d/studio-on-saint-lukes-rd/6464813818.html
"4 Bd on Evergreen St., 2 Bath, Fireplace (Decorative), Porch, A/C",4300,4,,https://boston.craigslist.org/gbs/fee/d/4-bd-on-evergreen-st-2-bath/6464813722.html
3 Bed 1 Bath NO FEE Now Available!With H&HW,3095,3,,https://boston.craigslist.org/gbs/nfb/d/3-bed-1-bath-no-fee-now/6434592310.html
NO FEE 4 BED 1 Bath With H&HW Available 9/01,4550,4,,https://boston.craigslist.org/gbs/nfb/d/no-fee-4-bed-1-bath-with-hhw/6455570899.html
September 1st 4 BED 1 Bath NO FEE!,4500,4,,https://boston.craigslist.org/gbs/nfb/d/september-1st-4-bed-1-bath-no/6455569562.html
GORGEOUS Studio on Beacon St. BACK BAY Near BU MIT NECO,1800,,,https://boston.craigslist.org/gbs/fee/d/gorgeous-studio-on-beacon-st/6452668380.html
Park Dr 1 Bed Fenway!! Mins to Downtown!!,1800,1,,https://boston.craigslist.org/gbs/fee/d/park-dr-1-bed-fenway-mins-to/6452667685.html
Park Dr 1 Bed Fenway!! Mins to Longwood,1800,1,,https://boston.craigslist.org/gbs/fee/d/park-dr-1-bed-fenway-mins-to/6452667284.html
Stunning 2 Bd on Mt Vernon St BEACON HILL,3100,2,,https://boston.craigslist.org/gbs/fee/d/stunning-2-bd-on-mt-vernon-st/6452667216.html
COMM AVE CONDO MINS TO DOWNTOWN  *MUST SEE*,2300,1,525ft2,https://boston.craigslist.org/gbs/fee/d/comm-ave-condo-mins-to/6452661322.html
1 Bd on Queensberry St FENWAY Near Longwood ',2075,1,,https://boston.craigslist.org/gbs/fee/d/1-bd-on-queensberry-st-fenway/6452644426.html
1 Bd on Queensberry St FENWAY,2150,1,,https://boston.craigslist.org/gbs/fee/d/1-bd-on-queensberry-st-fenway/6452636734.html
Beacon St 1 Bed Kenmore Sq Near BU / MIT  / BUMC,2100,1,517ft2,https://boston.craigslist.org/gbs/fee/d/beacon-st-1-bed-kenmore-sq/6452661459.html
COMM AVE CONDO MINS TO DOWNTOWN  *MUST SEE*,2300,1,525ft2,https://boston.craigslist.org/gbs/fee/d/comm-ave-condo-mins-to/6452661209.html
Studio on Jersey St  Fenway,2075,1,,https://boston.craigslist.org/gbs/fee/d/studio-on-jersey-st-fenway/6452645831.html
Studio on Queensberry St FENWAY Mins to Longwood,1600,,,https://boston.craigslist.org/gbs/fee/d/studio-on-queensberry-st/6452644469.html
"4 Bd on Long Ave., Dishwasher, Disposal, Hardwood Floors, Photos",3300,4,,https://boston.craigslist.org/gbs/nfb/d/4-bd-on-long-ave-dishwasher/6464812517.html
Park Dr Studio FENWAY - MUST SEE -,1675,,,https://boston.craigslist.org/gbs/fee/d/park-dr-studio-fenway-must/6452636891.html
Studio on Queensberry St Fenway - Mins to Longwood -,1625,,,https://boston.craigslist.org/gbs/fee/d/studio-on-queensberry-st/6452628282.html
"1 Bd on Union Park St., Pet Ok, NO FEE",2500,1,,https://boston.craigslist.org/gbs/nfb/d/1-bd-on-union-park-st-pet-ok/6452489821.html
1 Bd on Park Dr Fenway,2250,1,,https://boston.craigslist.org/gbs/fee/d/1-bd-on-park-dr-fenway/6452641960.html
Studio on Queensberry FENWAY,1675,,,https://boston.craigslist.org/gbs/fee/d/studio-on-queensberry-fenway/6452636781.html
Studio on Jersey St FENWAY,1775,,395ft2,https://boston.craigslist.org/gbs/fee/d/studio-on-jersey-st-fenway/6452628355.html
3 Bd on Beacon St Kenmore Mins to BU,3360,3,731ft2,https://boston.craigslist.org/gbs/fee/d/3-bd-on-beacon-st-kenmore/6439245372.html
1 Bd on Strathmore Rd.,1775,1,,https://boston.craigslist.org/gbs/fee/d/1-bd-on-strathmore-rd/6452489721.html
1 Bd Split on Brainerd Rd ALLSTON,1895,1,,https://boston.craigslist.org/gbs/fee/d/1-bd-split-on-brainerd-rd/6452489671.html
Spacious Back Bay 1 Bed Close to MIT / BU / BUMC,2650,1,,https://boston.craigslist.org/gbs/fee/d/spacious-back-bay-1-bed-close/6452437272.html
"Studio on Chester St., Hardwood Floors, heat+hot water included",1650,,,https://boston.craigslist.org/gbs/nfb/d/studio-on-chester-st-hardwood/6464811789.html
"Spacious One Bed/Bath, Stainless Steel Kitchen Appl., Hardwood Floors!",2950,1,,https://boston.craigslist.org/gbs/fee/d/spacious-one-bed-bath/6464811638.html
Near T~BU~Updated~Granite~SS Appliances~Cabinets~Hardwood~Deck!~,2700,3,,https://boston.craigslist.org/gbs/fee/d/near-tbuupdatedgranitess/6462166488.html
3br - Spacious~GoodLighting~Large Rooms~Great Location~Hardwood~Deck~,2600,3,,https://boston.craigslist.org/gbs/fee/d/3br-spaciousgoodlightinglarge/6462149924.html
Parking Spot~Spacious! Dishwasher~Dining Room~Den~Living Room~Porch~,2200,2,,https://boston.craigslist.org/gbs/fee/d/parking-spotspacious/6445912094.html
Packard's Corner~BU! Impeccable Unit~Bright~Open Layout~Renovated~9/1!,4800,4,1200ft2,https://boston.craigslist.org/gbs/fee/d/packards-cornerbu-impeccable/6446317297.html
No Broker Fee~1.5 bed!! Modern~Tons of Light~Stainless Steel~St. Eliz!,2200,1,,https://boston.craigslist.org/gbs/nfb/d/no-broker-fee15-bed/6452637374.html
Newly Renovated~Modern Kitchen/Bathroom~Sunny~Gleaming Hardwood~NOW!,2000,3,,https://boston.craigslist.org/gbs/fee/d/newly-renovatedmodern-kitchen/6461146513.html
Amazing Views~Spacious~Stainless Steel~Modern~Bright~Walk-in Closets!,4000,3,,https://boston.craigslist.org/gbs/fee/d/amazing/6460475845.html
"New 5 Bed 2 Bath Tremont by Mission Hill near Northeastern, Wentworth",6400,5,,https://boston.craigslist.org/gbs/fee/d/new-5-bed-2-bath-tremont-by/6464810948.html
Dead End St.~Near Green Line~Pet Friendly~Hardwood~Deck~Living room,1700,1,,https://boston.craigslist.org/gbs/fee/d/dead-end-stnear-green-linepet/6464810140.html
"Room for Rent in a 4-Bed, 2-Bath",875,,,https://boston.craigslist.org/gbs/abo/d/room-for-rent-in-4-bed-2-bath/6464801088.html
AWESOME 1 BED GEM~INTERNET ACCESS!,3125,1,,https://boston.craigslist.org/gbs/fee/d/awesome-1-bed-geminternet/6464776742.html
"*NEW & Modern* 1 Bd on COMM Ave, GRANITE & STAINLESS STEEL, June 1",1900,1,,https://boston.craigslist.org/gbs/nfb/d/new-modern-1-bd-on-comm-ave/6464809380.html
"Top Floor 1BR NEXT TO SULLIVAN T! Best Deal Around, Newly Renovated!",1500,1,600ft2,https://boston.craigslist.org/gbs/fee/d/top-floor-1br-next-to/6464809328.html
AWESOME 1 BED GEM~INTERNET ACCESS!,3125,1,,https://boston.craigslist.org/gbs/fee/d/awesome-1-bed-geminternet/6464776742.html
"*NEW & Modern* 1 Bd on COMM Ave, GRANITE & STAINLESS STEEL, June 1",1900,1,,https://boston.craigslist.org/gbs/nfb/d/new-modern-1-bd-on-comm-ave/6464809380.html
"Top Floor 1BR NEXT TO SULLIVAN T! Best Deal Around, Newly Renovated!",1500,1,600ft2,https://boston.craigslist.org/gbs/fee/d/top-floor-1br-next-to/6464809328.html
Spacious~3rd Floor~No Broker Fee~Pantry~Sunny~Hardwood~Coin-Op!,2700,3,,https://boston.craigslist.org/gbs/nfb/d/spacious3rd-floorno-broker/6464809307.html
Must See West End Home | Seconds to MGH | W/D & Hardwood,3035,1,881ft2,https://boston.craigslist.org/gbs/fee/d/must-see-west-end-home/6464809293.html
"2 Bd on Short St., Porch, Laundry in Unit, Microwave, Eat-in Kitchen",2800,2,,https://boston.craigslist.org/gbs/fee/d/2-bd-on-short-st-porch/6464788908.html
SEPT 1 bed on Westland ave-Steps to NEC-Berklee--NU--Heated,2175,1,,https://boston.craigslist.org/gbs/fee/d/sept-1-bed-on-westland-ave/6464809076.html
2 Bd,1450,2,1000ft2,https://boston.craigslist.org/gbs/fee/d/2-bd/6464808997.html
Available Now | Luxury West End 1 Bed | Outdoor Pool & More!,2810,1,742ft2,https://boston.craigslist.org/gbs/fee/d/available-now-luxury-west-end/6464808898.html
Move In Ready! Tons of Windows & Modern Finishes | No Fee,3375,,763ft2,https://boston.craigslist.org/gbs/nfb/d/move-in-ready-tons-of-windows/6464808725.html
No Broker Fee~Bright~Gleaming Hardwood~Stainless Steel~Coin-Op,2050,1,,https://boston.craigslist.org/gbs/nfb/d/no-broker-feebrightgleaming/6464808611.html
West End Luxury | Outdoor Pool | Updated Finishes | Quick to MGH,2670,,542ft2,https://boston.craigslist.org/gbs/fee/d/west-end-luxury-outdoor-pool/6464808570.html
9/1 NO FEE North Beacon 1 BED 1 Bath,2200,1,,https://boston.craigslist.org/gbs/nfb/d/9-1-no-fee-north-beacon-1-bed/6464808483.html
4 Bd on Saint Alphonsus St.,4100,4,,https://boston.craigslist.org/gbs/fee/d/4-bd-on-saint-alphonsus-st/6464808460.html
"Available Now! Stunning Theatre Dist. 1 Bed | W/D, Pool & More!",3305,1,578ft2,https://boston.craigslist.org/gbs/nfb/d/available-now-stunning/6464808410.html
Modern Cambridge/Somerville Loft Style 3bd 2 Bath Condo for Rent !!!,3600,3,,https://boston.craigslist.org/gbs/fee/d/modern-cambridge-somerville/6464807982.html
3 bedroom Mt. Washington area,1300,3,,https://boston.craigslist.org/nwb/abo/d/3-bedroom-mt-washington-area/6464807951.html
"4 Bed in Somerville, Pet Ok, Dishwasher, Hardwood Floors, Disposal",3200,4,1100ft2,https://boston.craigslist.org/gbs/fee/d/4-bed-in-somerville-pet-ok/6464807898.html
WONDERFUL 4 BED GEM~W/2 BATHS~HARDWOOD FLOORS!,3800,4,,https://boston.craigslist.org/gbs/fee/d/wonderful-4-bed-gemw-2/6464807775.html
1 bedroom - SPECIAL OFFER! UP TO $750 OFF! CALL FOR DETAILS!,1570,1,546ft2,https://boston.craigslist.org/nwb/abo/d/1-bedroom-special-offer-up-to/6446723165.html
"South Boston Single family 4 bed, w/d in unit, K st",3600,4,,https://boston.craigslist.org/gbs/fee/d/south-boston-single-family-4/6464807333.html
"Commuter's Special, Fully Furnished One Bed/Bath, W/D In Unit!",4000,1,,https://boston.craigslist.org/gbs/fee/d/commuters-special-fully/6464807020.html
Cambridge/Alewife Station - 1stFl/2Bd - One Off-Street Parking - Fee,2500,2,900ft2,https://boston.craigslist.org/gbs/fee/d/cambridge-alewife-station/6453171157.html
WOW Low Price STUDIO! All New Appliances/Beautiful Views! Call Today!,1625,,596ft2,https://boston.craigslist.org/gbs/abo/d/wow-low-price-studio-all-new/6439056940.html
"Studio on Commonwealth Ave., EXCLUSIVE LISTING, Balcony, A/C, Laundry",1400,,,https://boston.craigslist.org/gbs/nfb/d/studio-on-commonwealth-ave/6464806564.html
Medford Apartments - HALF FEE ONLY - Best Kept Secret!!!,1900,2,800ft2,https://boston.craigslist.org/gbs/fee/d/medford-apartments-half-fee/6453170048.html
Just Listed 2 Bd for $1800 w/ Parking~Dishwasher~2 Porches~Cat OK,1800,2,,https://boston.craigslist.org/gbs/fee/d/just-listed-2-bd-for-1800/6446873358.html
"3BR duplex, 1 1/2 bath, hdwd flrs, walk to train",2200,3,1500ft2,https://boston.craigslist.org/nos/abo/d/3br-duplexbath-hdwd-flrs-walk/6464806232.html
Just Listed 2 Bd for ONLY $1700~Laundry~Porch~Dishwasher~Cat OK,1700,2,,https://boston.craigslist.org/gbs/fee/d/just-listed-2-bd-for-only/6446955169.html
One Bedroom Porter Square,1550,,,https://boston.craigslist.org/gbs/fee/d/one-bedroom-porter-square/6461451129.html
1 Bedroom in Harvard Square,1900,1,,https://boston.craigslist.org/gbs/fee/d/1-bedroom-in-harvard-square/6461451571.html
Studio In Great Location at a great Price,1425,,,https://boston.craigslist.org/gbs/fee/d/studio-in-great-location-at/6461453970.html
"South Boston Single family 4 bed, w/d in unit, K st",3600,4,,https://boston.craigslist.org/gbs/fee/d/south-boston-single-family-4/6464805908.html
2 bed w/ gut renovations - opulent - available 9/1,2200,2,,https://boston.craigslist.org/gbs/fee/d/2-bed-gut-renovations-opulent/6464805859.html
Great Location Huge 6 room2  Bedroom Harvard Square,3000,2,,https://boston.craigslist.org/gbs/fee/d/great-location-huge-6-room2/6461454486.html
single family house 3bed 2baths porch yard laundry Porter/davis,2800,3,,https://boston.craigslist.org/gbs/abo/d/single-family-house-3bed/6464805357.html
Half Fee Only - STOP PAYING FULL FEE - Medford - BEST KEPT SECRET!!!,1900,3,1400ft2,https://boston.craigslist.org/gbs/fee/d/half-fee-only-stop-paying/6449056905.html
Lovely Southie 3 Bed!,2500,3,,https://boston.craigslist.org/gbs/fee/d/lovely-southie-3-bed/6464804882.html
Cambridge/Alewife Station - 1stFl/2Bd - One Off-Street Parking - Fee,2500,2,900ft2,https://boston.craigslist.org/gbs/fee/d/cambridge-alewife-station/6454086667.html
"South Boston Single family 4 bed, w/d in unit, K st",3600,4,,https://boston.craigslist.org/gbs/fee/d/south-boston-single-family-4/6464804383.html
2 Bed with Amenities for Sep 1st,2000,2,,https://boston.craigslist.org/gbs/fee/d/2-bed-with-amenities-for-sep/6436464626.html
"6 Bd on Parker Hill Ter., 2 Bath, High Ceiling, A/C, Separate Kitchen",5700,6,,https://boston.craigslist.org/gbs/fee/d/6-bd-on-parker-hill-ter-2/6464804093.html
$Extra Extra !!!STOP PAYING FULL FEE!! Medford - BEST KEPT SECRET,2000,3,1400ft2,https://boston.craigslist.org/gbs/fee/d/extra-extra-stop-paying-full/6454084991.html
Bomb Diggity NO FEE 2 Bed in Packard's with FANCY  KITCHEN + PORCH!,2600,2,,https://boston.craigslist.org/gbs/nfb/d/bomb-diggity-no-fee-2-bed-in/6447604908.html
Smack your Mama Good NO FEE Studio Alcove- Kelton w/ Separate Kitchen!,1550,,,https://boston.craigslist.org/gbs/nfb/d/smack-your-mama-good-no-fee/6461816467.html
FANCY SHMANCY NO FEE 2 Bd on Cottage w/ OFF STREET Parking Included!,2095,2,,https://boston.craigslist.org/gbs/nfb/d/fancy-shmancy-no-fee-2-bd-on/6461818966.html
Cool-i-o FRONT FACING 1 Bd on Gardner St w/ Dishwasher+Eat-in Kitchen,1725,1,,https://boston.craigslist.org/gbs/fee/d/cool-o-front-facing-1-bd-on/6461831603.html
1 Bed 1 Bath Available JAN 20th Plus H&HW,1975,1,550ft2,https://boston.craigslist.org/gbs/fee/d/1-bed-1-bath-available-jan/6456788552.html
3 Bed 1 Bath Available NOW With H&HW,2200,3,,https://boston.craigslist.org/gbs/fee/d/3-bed-1-bath-available-now/6456789682.html
2 Bed And 2 Bath Available NOW Pet OK Plus H&HW,2500,2,950ft2,https://boston.craigslist.org/gbs/fee/d/2-bed-and-2-bath-available/6456791076.html
~~BRAND NEW Luxury Ball Sq. 2 Bd/2Ba w/ Central Air - Laundry in Unit,3100,2,930ft2,https://boston.craigslist.org/gbs/nfb/d/brand-new-luxury-ball-sq-2-bd/6464803335.html
"South Boston Single family 4 bed, w/d in unit, K st",3600,4,,https://boston.craigslist.org/gbs/fee/d/south-boston-single-family-4/6464802958.html
4 Bed And 1 Bath NO FEE Cat OK With H&HW,4600,4,,https://boston.craigslist.org/gbs/nfb/d/4-bed-and-1-bath-no-fee-cat/6455572682.html
9/1 NO FEE 4 Bed And 1 Bath,4650,4,,https://boston.craigslist.org/gbs/nfb/d/9-1-no-fee-4-bed-and-1-bath/6455573503.html
"Fully Furnished Studio On Comm. Ave., All Utilities Inc., W/D In BLDG!",2500,1,,https://boston.craigslist.org/gbs/fee/d/fully-furnished-studio-on/6464802688.html
**DEXTER PARK** PHENOMENAL 2BR UNITS **FREE MONTH OFFERED** NO FEE**,2800,2,,https://boston.craigslist.org/gbs/nfb/d/dexter-park-phenomenal-2br/6464802242.html
Stylish Downtown 1 Bed | Seconds to Tufts Med & Orange Line,3749,1,740ft2,https://boston.craigslist.org/gbs/nfb/d/stylish-downtown-1-bed/6464802151.html
4 Bed 1.5 Bath NO FEE Available 9/01,4750,4,,https://boston.craigslist.org/gbs/nfb/d/4-bed-15-bath-no-fee/6455576047.html
"Available Now! Stunning Theatre Dist. 1 Bed | W/D, Pool & More!",3305,1,578ft2,https://boston.craigslist.org/gbs/nfb/d/available-now-stunning/6464802017.html
Must See West End 2 Bed | Seconds to Orange Line | Avail 11/29,3850,2,1194ft2,https://boston.craigslist.org/gbs/fee/d/must-see-west-end-2-bed/6464801842.html
Seaport Big Two Bedroom Style Loft - NO Realtor FEE!!!,3244,2,,https://boston.craigslist.org/gbs/nfb/d/seaport-big-two-bedroom-style/6464801683.html
Stylish Downtown Studio | Seconds to Tufts Med & Orange Line,3634,,940ft2,https://boston.craigslist.org/gbs/nfb/d/stylish-downtown-studio/6464801643.html
"2 Bd on Chiswick Rd., Renovated Home, Sunny, Featured, Modern Kitchen",2500,2,,https://boston.craigslist.org/gbs/fee/d/2-bd-on-chiswick-rd-renovated/6464764353.html
Available Now | Chinatown 1 Bed with Outdoor Pool | NO FEE,3674,1,717ft2,https://boston.craigslist.org/gbs/nfb/d/available-now-chinatown-1-bed/6464801548.html
"2BED/ 1BATH

SOUTH BOSTON

FURNISHED

HARDWOOD FLOORS",2600,2,,https://boston.craigslist.org/gbs/fee/d/2bed-1bath-south-boston/6464771091.html
"Great 4 bed on Parker St by Mission Hill Near Northeastern, Wentworth",4100,4,,https://boston.craigslist.org/gbs/fee/d/great-4-bed-on-parker-st-by/6464801373.html
"South Boston Single family 4 bed, w/d in unit, K st",3600,4,,https://boston.craigslist.org/gbs/fee/d/south-boston-single-family-4/6464801322.html
Back Bay studio!,1625,,,https://boston.craigslist.org/gbs/fee/d/back-bay-studio/6464784006.html
"single family house 4bed 2baths furnished, yard parking pet ok",3700,4,,https://boston.craigslist.org/gbs/nfb/d/single-family-house-4bed/6464800167.html
4 Bed NO FEE 2 Bath Available SEPT 1,3600,4,,https://boston.craigslist.org/gbs/nfb/d/4-bed-no-fee-2-bath-available/6464799730.html
"June Studio on Beacon St., Carpet, Furnished-Steps to Mass ave/Newbury",1695,,,https://boston.craigslist.org/gbs/fee/d/june-studio-on-beacon-st/6464798687.html
Available Jan 2nd * 9 bed * beautiful * dining room,6000,9,,https://boston.craigslist.org/gbs/fee/d/available-jan-2nd-9-bed/6464798477.html
2 bedroom apartment: OPEN HOUSE SUNDAY 01/21,1500,2,,https://boston.craigslist.org/gbs/abo/d/2-bedroom-apartment-open/6464798382.html
Enjoy this open floor plan for only $1499!,1499,1,764ft2,https://boston.craigslist.org/nwb/abo/d/enjoy-this-open-floor-plan/6439574388.html
Best Priced Luxury Building with EVERY Amenity! Move in Now Thru Jan 1,2335,1,735ft2,https://boston.craigslist.org/gbs/fee/d/best-priced-luxury-building/6464797856.html
A/c | available 1.2 | 4 bed | pristine,5000,4,,https://boston.craigslist.org/gbs/fee/d/c-available-12-4-bed-pristine/6464793594.html
Near T~No Broker Fee~Hardwood! Spacious~Sunny~ Coin-Op,3800,4,,https://boston.craigslist.org/gbs/nfb/d/near-tno-broker-feehardwood/6464797659.html
Available Now 2 BED And 1 Bath Cat OK Includes Hot Water,2095,2,,https://boston.craigslist.org/gbs/fee/d/available-now-2-bed-and-1/6456773775.html
1 Bed 1 Bath Available JUNE 1,2500,1,,https://boston.craigslist.org/gbs/fee/d/1-bed-1-bath-available-june-1/6456623475.html
September 1st 1 BED 1 Bath Cats Welcome Available 9/1,2425,1,,https://boston.craigslist.org/gbs/fee/d/september-1st-1-bed-1-bath/6456620496.html
Commonwealth Avenue One Bedroom/Granite and Stainless/Laundry,1750,1,,https://boston.craigslist.org/gbs/fee/d/commonwealth-avenue-one/6464796599.html
"Ideal Location! Walk To Prudential Center, All Utilities Included!",2200,1,,https://boston.craigslist.org/gbs/fee/d/ideal-location-walk-to/6464796569.html
Amazing South End Designer One Bedroom,3300,1,,https://boston.craigslist.org/gbs/fee/d/amazing-south-end-designer/6464796348.html
5 bed | opulent | dishwasher | available January 2,5000,5,,https://boston.craigslist.org/gbs/fee/d/5-bed-opulent-dishwasher/6464796198.html
$1950 / 2BR 1 bath at Belmont,1950,2,1200ft2,https://boston.craigslist.org/nwb/nfb/d/1950-2br-1-bath-at-belmont/6456599758.html
Modern 3 bed / 1 bath! with hot water included!,3400,3,,https://boston.craigslist.org/gbs/fee/d/modern-3-bed-1-bath-with-hot/6464796031.html
NO FEE Studio 1 Bath For JANUARY 14th,1350,,,https://boston.craigslist.org/gbs/nfb/d/no-fee-studio-1-bath-for/6456648150.html
NO FEE 1 Bed 1 Bath Available JAN 14th,1475,1,,https://boston.craigslist.org/gbs/nfb/d/no-fee-1-bed-1-bath-available/6456650877.html
1 Bed NO FEE 1 Bath Available JAN 31 With H&HW,2100,1,,https://boston.craigslist.org/gbs/nfb/d/1-bed-no-fee-1-bath-available/6456658905.html
Boston Super Luxury New Construction- NO Realtor FEE!!!,3560,2,,https://boston.craigslist.org/gbs/nfb/d/boston-super-luxury-new/6464794831.html
Sept 1st NO FEE 4 Bed 2 Bath With H&HW,3600,4,,https://boston.craigslist.org/gbs/nfb/d/sept-1st-no-fee-4-bed-2-bath/6464794319.html
Commonwealth Avenue Modern One Bedroom- Granite and Stainless Kitchen,1750,1,,https://boston.craigslist.org/gbs/fee/d/commonwealth-avenue-modern/6464794136.html
"Room for Rent in a 4-Bed, 2-Bath",875,1,,https://boston.craigslist.org/gbs/nfb/d/room-for-rent-in-4-bed-2-bath/6464793633.html
"Coolidge corner/hospitals , renovated , spacious laundry",2400,2,,https://boston.craigslist.org/gbs/fee/d/coolidge-corner-hospitals/6464793392.html
@ Trader Joes Modern Studio-C line train-66 bus-Walk to Longwood-NOW,1745,,350ft2,https://boston.craigslist.org/gbs/fee/d/trader-joes-modern-studio/6464793193.html
"Studio on Chiswick Rd., NO FEE, No Security; Parking For Rent",1695,,,https://boston.craigslist.org/gbs/nfb/d/studio-on-chiswick-rd-no-fee/6454088317.html
Oh Baby!.....,2240,2,,https://boston.craigslist.org/gbs/nfb/d/oh-baby/6454090593.html
"Studio on Chiswick Rd., NO FEE, Alcove, Parking For Rent",1685,,,https://boston.craigslist.org/gbs/nfb/d/studio-on-chiswick-rd-no-fee/6454092412.html
Walk To Coolidge Corner or Comm. Ave. No Fee. Heat Included.,1775,1,,https://boston.craigslist.org/gbs/nfb/d/walk-to-coolidge-corner-or/6457804110.html
"NeeD YoUr OwN SPACE? 2 BdS, 1 BaTh w/Laundry on Site, Water Included.",1800,2,,https://boston.craigslist.org/gbs/fee/d/need-your-own-space-2-bds-1/6464792326.html
Congratulations!!! You Just Found A NO FEE 4 Bed 12 Minutes To UMASS!!,2900,4,,https://boston.craigslist.org/gbs/nfb/d/congratulations-you-just/6457810277.html
"2BED/ 1BA

SOUTH END

HEAT&HOT WATER INCLUDED

MOVE-IN NOW",3350,2,,https://boston.craigslist.org/gbs/nfb/d/2bed-1ba-south-end-heathot/6464783023.html
"Top Floor Comm Ave W/Huge Bedrooms, PORCH, Newly Ren! NO FEE!!!",2925,3,,https://boston.craigslist.org/gbs/nfb/d/top-floor-comm-ave-huge/6457812157.html
Modern Studio! Vibrant South Boston! A++ Amenities! Gourmet Kitchen!,2699,,,https://boston.craigslist.org/gbs/nfb/d/modern-studio-vibrant-south/6464759954.html
"RIght Across From FUEL, No Fee Heated Spacious W/Laundry Sept!",2050,2,,https://boston.craigslist.org/gbs/nfb/d/right-across-from-fuel-no-fee/6457815075.html
"BEST Coolidge Corner 1BR! Parking Avail, Cats OK - For JULY 1ST!",1875,1,,https://boston.craigslist.org/gbs/fee/d/best-coolidge-corner-1br/6464791703.html
Sick 7 bed on Hillside call text emal today for showings,6650,7,,https://boston.craigslist.org/gbs/nfb/d/sick-7-bed-on-hillside-call/6464791413.html
NO FEE!Modern Studio! South Boston! A++ Amenities! Free Parking!,2495,,,https://boston.craigslist.org/gbs/nfb/d/no-feemodern-studio-south/6464761192.html
